"scenario","obs_per_trial","n_subj","method","class_true","run","class_pred","RI","RIc","NMI","NMIc","warnings"
"sc6","4","200","LCA","2","1","4","0.730115661144108","0.990046889653017","0.424929920820907","0.959456949772574","none"
"sc6","4","200","GLM","2","1","1","0.499893716786496","0.990046889653017","0","0.959456949772574","none"
"sc6","4","200","BMEM","2","1","2","0.990046889653017","0.990046889653017","0.959456949772574","0.959456949772574","none"
