"scenario","obs_per_trial","n_subj","method","class_true","run","class_pred","RI","RIc","adj.RI","adj.RIc","NMI","NMIc","warnings"
"sc5","2","100","LCA","4","2","3","0.742424242424242","0.757979797979798","0.375011511968585","0.365769182805768","0.411176040668252","0.467477299236765","none"
"sc5","2","100","GLM","4","2","5","0.726868686868687","0.679191919191919","0.389188149288188","0.162027431805859","0.33134961589447","0.290546896748816","none"
"sc5","2","100","LMEM","4","2","6","0.753131313131313","0.736969696969697","0.324025951968477","0.303532490470296","0.401090133531515","0.388851288001671","none"
"sc5","2","100","BMEM","4","2","1","0.243838383838384","0.744040404040404","0","0.322068946582062","0","0.415492929043246","none"
"sc5","2","100","BBMEM","4","2","0","0.62040404040404","0.767676767676768","0.242532827608695","0.400289630873395","0.225556133525196","0.465938300801646","none"
